timestamp_iso,timestamp_ms,overall_cpu_pct,load1,load5,load15,burning,workers,cpu0_pct,cpu1_pct,cpu2_pct,cpu3_pct,freq0_khz,freq1_khz,freq2_khz,freq3_khz,temp0_c,voltage_v,current_a,power_w,voltage_raw,current_raw,power_raw
2025-09-29T13:37:23.773932,1759153043773,66,2.66845703125,2.64111328125,1.98681640625,1,4,70,71,59,64,1600000,1600000,1600000,1600000,50.0,0.216,2.061,6.367,216,20607,63674
2025-09-29T13:37:24.275519,1759153044275,68,2.66845703125,2.64111328125,1.98681640625,1,4,67,67,68,69,1600000,1600000,1600000,1600000,50.0,0.216,2.061,6.367,216,20607,63674
2025-09-29T13:37:24.776509,1759153044776,68,2.66845703125,2.64111328125,1.98681640625,1,4,66,66,73,67,1600000,1600000,1600000,1600000,50.0,0.216,2.061,6.367,216,20607,63674
2025-09-29T13:37:25.277639,1759153045277,82,2.66845703125,2.64111328125,1.98681640625,1,4,85,81,79,82,1600000,1600000,1600000,1600000,50.0,0.216,2.061,6.367,216,20607,63673
2025-09-29T13:37:25.779104,1759153045779,66,2.66845703125,2.64111328125,1.98681640625,1,4,71,56,68,71,1600000,1600000,1600000,1600000,50.0,0.216,2.061,6.367,216,20607,63673
2025-09-29T13:37:26.279325,1759153046279,65,2.66845703125,2.64111328125,1.98681640625,1,4,68,64,63,64,1600000,1600000,1600000,1600000,50.0,0.216,2.061,6.367,216,20607,63673
2025-09-29T13:37:26.780272,1759153046780,63,2.66845703125,2.64111328125,1.98681640625,1,4,64,57,60,71,1600000,1600000,1600000,1600000,50.0,0.216,2.061,6.367,216,20607,63673
2025-09-29T13:37:27.281696,1759153047281,71,2.66845703125,2.64111328125,1.98681640625,1,4,71,78,66,68,1600000,1600000,1600000,1600000,50.0,0.216,2.061,6.367,216,20607,63673
2025-09-29T13:37:27.782255,1759153047782,63,2.66845703125,2.64111328125,1.98681640625,1,4,70,60,63,60,1600000,1600000,1600000,1600000,50.0,0.216,2.061,6.367,216,20607,63673
2025-09-29T13:37:28.284155,1759153048284,77,2.66845703125,2.64111328125,1.98681640625,1,4,80,78,77,73,1600000,1600000,1600000,1600000,50.0,0.216,2.061,6.367,216,20607,63673
2025-09-29T13:37:28.785093,1759153048785,66,2.61474609375,2.63037109375,1.9873046875,1,4,66,67,65,67,1600000,1600000,1600000,1600000,50.0,0.216,2.061,6.367,216,20607,63673
2025-09-29T13:37:29.285885,1759153049285,70,2.61474609375,2.63037109375,1.9873046875,1,4,74,68,69,71,1600000,1600000,1600000,1600000,50.0,0.216,2.061,6.367,216,20607,63673
2025-09-29T13:37:29.787279,1759153049787,70,2.61474609375,2.63037109375,1.9873046875,1,4,73,67,68,73,1600000,1600000,1600000,1600000,50.0,0.216,2.061,6.367,216,20607,63672
2025-09-29T13:37:30.288602,1759153050288,75,2.61474609375,2.63037109375,1.9873046875,1,4,74,76,72,77,1600000,1600000,1600000,1600000,50.0,0.216,2.061,6.367,216,20607,63672
2025-09-29T13:37:30.790532,1759153050790,72,2.61474609375,2.63037109375,1.9873046875,1,4,73,73,68,76,1600000,1600000,1600000,1600000,50.0,0.216,2.061,6.367,216,20607,63672
2025-09-29T13:37:31.291493,1759153051291,84,2.61474609375,2.63037109375,1.9873046875,1,5,82,86,84,85,1600000,1600000,1600000,1600000,51.0,0.216,2.061,6.367,216,20607,63672
2025-09-29T13:37:31.792115,1759153051792,90,2.61474609375,2.63037109375,1.9873046875,1,5,87,86,93,94,1600000,1600000,1600000,1600000,51.0,0.216,2.061,6.367,216,20607,63672
2025-09-29T13:37:32.292958,1759153052292,90,2.61474609375,2.63037109375,1.9873046875,1,5,85,91,89,96,1600000,1600000,1600000,1600000,51.0,0.216,2.061,6.367,216,20607,63672
2025-09-29T13:37:32.794595,1759153052794,86,2.61474609375,2.63037109375,1.9873046875,1,5,84,87,85,90,1600000,1600000,1600000,1600000,51.0,0.216,2.061,6.367,216,20607,63672
2025-09-29T13:37:33.295602,1759153053295,90,2.61474609375,2.63037109375,1.9873046875,1,6,89,87,89,94,1600000,1600000,1600000,1600000,51.0,0.216,2.061,6.367,216,20607,63671
2025-09-29T13:37:33.795493,1759153053795,88,2.96630859375,2.703125,2.0146484375,1,6,86,92,93,82,1600000,1600000,1600000,1600000,51.0,0.216,2.061,6.367,216,20607,63671
2025-09-29T13:37:34.296837,1759153054296,91,2.96630859375,2.703125,2.0146484375,1,6,93,93,86,91,1600000,1600000,1600000,1600000,51.0,0.216,2.061,6.367,216,20607,63671
2025-09-29T13:37:34.798193,1759153054798,90,2.96630859375,2.703125,2.0146484375,1,6,89,91,88,94,1600000,1600000,1600000,1600000,51.0,0.216,2.061,6.367,216,20607,63671
2025-09-29T13:37:35.299230,1759153055299,93,2.96630859375,2.703125,2.0146484375,1,6,95,86,95,96,1600000,1600000,1600000,1600000,51.0,0.216,2.061,6.367,216,20607,63671
2025-09-29T13:37:35.806276,1759153055806,94,2.96630859375,2.703125,2.0146484375,1,6,94,90,95,95,1600000,1600000,1600000,1600000,51.0,0.216,2.061,6.367,216,20607,63671
2025-09-29T13:37:36.301567,1759153056301,92,2.96630859375,2.703125,2.0146484375,1,6,87,91,95,94,1600000,1600000,1600000,1600000,51.0,0.216,2.061,6.367,216,20607,63671
2025-09-29T13:37:36.802753,1759153056802,91,2.96630859375,2.703125,2.0146484375,1,6,91,93,89,91,1600000,1600000,1600000,1600000,52.0,0.216,2.061,6.367,216,20607,63671
2025-09-29T13:37:37.304399,1759153057304,91,2.96630859375,2.703125,2.0146484375,1,6,95,91,87,91,1600000,1600000,1600000,1600000,51.0,0.216,2.061,6.367,216,20607,63670
2025-09-29T13:37:37.804989,1759153057804,88,2.96630859375,2.703125,2.0146484375,1,6,85,89,88,91,1600000,1600000,1600000,1600000,51.0,0.216,2.061,6.367,216,20607,63670
2025-09-29T13:37:38.306836,1759153058306,90,2.96630859375,2.703125,2.0146484375,1,6,89,91,89,90,1600000,1600000,1600000,1600000,51.0,0.216,2.061,6.367,216,20607,63670
2025-09-29T13:37:38.807686,1759153058807,88,3.36962890625,2.79150390625,2.046875,1,6,91,91,84,85,1600000,1600000,1600000,1600000,51.0,0.216,2.061,6.367,216,20607,63670
2025-09-29T13:37:39.308594,1759153059308,91,3.36962890625,2.79150390625,2.046875,1,6,89,93,95,88,1600000,1600000,1600000,1600000,51.0,0.216,2.061,6.367,216,20607,63670
2025-09-29T13:37:39.818936,1759153059818,88,3.36962890625,2.79150390625,2.046875,1,6,87,83,87,96,1600000,1600000,1600000,1600000,51.0,0.216,2.061,6.367,216,20607,63670
2025-09-29T13:37:40.319836,1759153060319,90,3.36962890625,2.79150390625,2.046875,1,6,91,88,89,91,1600000,1600000,1600000,1600000,51.0,0.216,2.061,6.367,216,20607,63670
2025-09-29T13:37:40.820964,1759153060820,87,3.36962890625,2.79150390625,2.046875,1,6,83,89,91,86,1600000,1600000,1600000,1600000,52.0,0.216,2.061,6.367,216,20607,63669
2025-09-29T13:37:41.321694,1759153061321,90,3.36962890625,2.79150390625,2.046875,1,6,91,91,92,87,1600000,1600000,1600000,1600000,51.0,0.216,2.061,6.367,216,20607,63669
2025-09-29T13:37:41.822369,1759153061822,92,3.36962890625,2.79150390625,2.046875,1,6,92,98,93,87,1600000,1600000,1600000,1600000,51.0,0.216,2.061,6.367,216,20607,63669
2025-09-29T13:37:42.324075,1759153062324,86,3.36962890625,2.79150390625,2.046875,1,6,84,86,83,89,1600000,1600000,1600000,1600000,52.0,0.216,2.061,6.367,216,20607,63669
2025-09-29T13:37:42.824256,1759153062824,91,3.36962890625,2.79150390625,2.046875,1,6,95,91,81,95,1600000,1600000,1600000,1600000,52.0,0.216,2.061,6.367,216,20607,63669
2025-09-29T13:37:43.325490,1759153063325,92,3.36962890625,2.79150390625,2.046875,1,6,89,93,93,94,1600000,1600000,1600000,1600000,52.0,0.216,2.061,6.367,216,20607,63669
2025-09-29T13:37:43.827317,1759153063827,90,3.66064453125,2.86181640625,2.07373046875,1,6,92,89,88,92,1600000,1600000,1600000,1600000,52.0,0.216,2.061,6.367,216,20607,63669
2025-09-29T13:37:44.328351,1759153064328,88,3.66064453125,2.86181640625,2.07373046875,1,6,81,84,93,95,1600000,1600000,1600000,1600000,52.0,0.216,2.061,6.367,216,20607,63668
2025-09-29T13:37:44.829396,1759153064829,91,3.66064453125,2.86181640625,2.07373046875,1,6,91,95,86,93,1600000,1600000,1600000,1600000,52.0,0.216,2.061,6.367,216,20607,63668
2025-09-29T13:37:45.330659,1759153065330,84,3.66064453125,2.86181640625,2.07373046875,1,6,89,82,83,84,1600000,1600000,1600000,1600000,52.0,0.216,2.061,6.367,216,20607,63668
2025-09-29T13:37:45.831892,1759153065831,91,3.66064453125,2.86181640625,2.07373046875,1,6,89,93,92,92,1600000,1600000,1600000,1600000,52.0,0.216,2.061,6.367,216,20607,63668
2025-09-29T13:37:46.333242,1759153066333,90,3.66064453125,2.86181640625,2.07373046875,1,6,87,91,93,90,1600000,1600000,1600000,1600000,52.0,0.216,2.061,6.367,216,20607,63668
2025-09-29T13:37:46.833386,1759153066833,91,3.66064453125,2.86181640625,2.07373046875,1,6,89,93,92,91,1600000,1600000,1600000,1600000,52.0,0.216,2.061,6.367,216,20607,63668
2025-09-29T13:37:47.335349,1759153067335,93,3.66064453125,2.86181640625,2.07373046875,1,6,90,93,98,91,1600000,1600000,1600000,1600000,52.0,0.216,2.061,6.367,216,20607,63668
2025-09-29T13:37:47.835413,1759153067835,90,3.66064453125,2.86181640625,2.07373046875,1,6,83,93,95,90,1600000,1600000,1600000,1600000,52.0,0.216,2.061,6.367,216,20607,63667
2025-09-29T13:37:48.337329,1759153068337,89,3.66064453125,2.86181640625,2.07373046875,1,6,90,89,87,89,1600000,1600000,1600000,1600000,52.0,0.216,2.061,6.367,216,20607,63667
2025-09-29T13:37:48.838848,1759153068838,89,3.92822265625,2.9306640625,2.1005859375,1,6,91,89,89,87,1600000,1600000,1600000,1600000,52.0,0.216,2.061,6.367,216,20607,63667
2025-09-29T13:37:49.339032,1759153069339,91,3.92822265625,2.9306640625,2.1005859375,1,6,91,89,91,92,1600000,1600000,1600000,1600000,52.0,0.216,2.061,6.367,216,20607,63667
2025-09-29T13:37:49.845557,1759153069845,91,3.92822265625,2.9306640625,2.1005859375,1,6,90,91,91,93,1600000,1600000,1600000,1600000,52.0,0.216,2.061,6.367,216,20607,63667
2025-09-29T13:37:50.341560,1759153070341,94,3.92822265625,2.9306640625,2.1005859375,1,6,93,96,94,93,1600000,1600000,1600000,1600000,52.0,0.216,2.061,6.367,216,20607,63667
2025-09-29T13:37:50.842619,1759153070842,94,3.92822265625,2.9306640625,2.1005859375,1,6,100,94,98,84,1600000,1600000,1600000,1600000,52.0,0.216,2.061,6.367,216,20607,63667
2025-09-29T13:37:51.343477,1759153071343,90,3.92822265625,2.9306640625,2.1005859375,1,6,91,91,91,89,1600000,1600000,1600000,1600000,52.0,0.216,2.061,6.367,216,20607,63667
2025-09-29T13:37:51.845250,1759153071845,93,3.92822265625,2.9306640625,2.1005859375,1,6,94,94,93,93,1600000,1600000,1600000,1600000,52.0,0.216,2.061,6.367,216,20607,63666
2025-09-29T13:37:52.346440,1759153072346,91,3.92822265625,2.9306640625,2.1005859375,1,6,91,89,93,89,1600000,1600000,1600000,1600000,52.0,0.216,2.061,6.367,216,20607,63666
2025-09-29T13:37:52.849316,1759153072849,91,3.92822265625,2.9306640625,2.1005859375,1,6,88,93,91,90,1600000,1600000,1600000,1600000,52.0,0.216,2.061,6.367,216,20607,63666
2025-09-29T13:37:53.350416,1759153073350,89,3.92822265625,2.9306640625,2.1005859375,1,6,92,91,89,86,1600000,1600000,1600000,1600000,52.0,0.216,2.061,6.367,216,20607,63666
2025-09-29T13:37:53.851008,1759153073851,89,4.25439453125,3.01513671875,2.13232421875,1,6,92,88,90,88,1600000,1600000,1600000,1600000,52.0,0.216,2.061,6.367,216,20607,63666
2025-09-29T13:37:54.351991,1759153074351,89,4.25439453125,3.01513671875,2.13232421875,1,6,87,91,86,91,1600000,1600000,1600000,1600000,52.0,0.216,2.061,6.367,216,20607,63666
2025-09-29T13:37:54.853003,1759153074853,93,4.25439453125,3.01513671875,2.13232421875,1,6,89,91,93,97,1600000,1600000,1600000,1600000,52.0,0.216,2.061,6.367,216,20607,63666
2025-09-29T13:37:55.354511,1759153075354,92,4.25439453125,3.01513671875,2.13232421875,1,6,91,95,92,89,1600000,1600000,1600000,1600000,52.0,0.216,2.061,6.367,216,20607,63666
2025-09-29T13:37:55.855492,1759153075855,87,4.25439453125,3.01513671875,2.13232421875,1,6,88,86,86,89,1600000,1600000,1600000,1600000,52.0,0.216,2.061,6.367,216,20607,63665
2025-09-29T13:37:56.357206,1759153076357,91,4.25439453125,3.01513671875,2.13232421875,1,6,83,93,94,93,1600000,1600000,1600000,1600000,52.0,0.216,2.061,6.367,216,20607,63665
2025-09-29T13:37:56.857958,1759153076857,91,4.25439453125,3.01513671875,2.13232421875,1,6,89,91,92,93,1600000,1600000,1600000,1600000,52.0,0.216,2.061,6.367,216,20607,63665
2025-09-29T13:37:57.359271,1759153077359,91,4.25439453125,3.01513671875,2.13232421875,1,6,84,91,93,95,1600000,1600000,1600000,1600000,52.0,0.216,2.061,6.367,216,20607,63665
2025-09-29T13:37:57.858995,1759153077858,89,4.25439453125,3.01513671875,2.13232421875,1,6,87,90,89,91,1600000,1600000,1600000,1600000,52.0,0.216,2.061,6.367,216,20607,63665
2025-09-29T13:37:58.359842,1759153078359,89,4.25439453125,3.01513671875,2.13232421875,1,6,90,89,91,87,1600000,1600000,1600000,1600000,52.0,0.216,2.061,6.367,216,20607,63665
2025-09-29T13:37:58.859839,1759153078859,90,4.634765625,3.11474609375,2.16943359375,1,6,91,93,91,86,1600000,1600000,1600000,1600000,52.0,0.216,2.061,6.367,216,20607,63665
2025-09-29T13:37:59.361001,1759153079361,91,4.634765625,3.11474609375,2.16943359375,1,6,89,87,93,93,1600000,1600000,1600000,1600000,52.0,0.216,2.061,6.366,216,20607,63664
2025-09-29T13:37:59.862110,1759153079862,89,4.634765625,3.11474609375,2.16943359375,1,6,84,90,93,89,1600000,1600000,1600000,1600000,52.0,0.216,2.061,6.366,216,20607,63664
2025-09-29T13:38:00.364399,1759153080364,86,4.634765625,3.11474609375,2.16943359375,1,6,83,89,87,85,1600000,1600000,1600000,1600000,52.0,0.216,2.061,6.366,216,20607,63664
2025-09-29T13:38:00.864131,1759153080864,90,4.634765625,3.11474609375,2.16943359375,1,6,91,91,86,90,1600000,1600000,1600000,1600000,52.0,0.216,2.061,6.366,216,20607,63664
2025-09-29T13:38:01.365605,1759153081365,88,4.634765625,3.11474609375,2.16943359375,1,6,89,88,83,91,1600000,1600000,1600000,1600000,52.0,0.216,2.061,6.366,216,20607,63664
2025-09-29T13:38:01.866280,1759153081866,91,4.634765625,3.11474609375,2.16943359375,1,6,94,90,91,91,1600000,1600000,1600000,1600000,52.0,0.216,2.061,6.366,216,20607,63664
2025-09-29T13:38:02.367080,1759153082367,92,4.634765625,3.11474609375,2.16943359375,1,6,91,90,93,93,1600000,1600000,1600000,1600000,52.0,0.216,2.061,6.366,216,20607,63664
2025-09-29T13:38:02.867630,1759153082867,92,4.634765625,3.11474609375,2.16943359375,1,6,93,89,94,92,1600000,1600000,1600000,1600000,52.0,0.216,2.061,6.366,216,20607,63664
2025-09-29T13:38:03.368845,1759153083368,89,4.634765625,3.11474609375,2.16943359375,1,6,87,89,92,90,1600000,1600000,1600000,1600000,52.0,0.216,2.061,6.366,216,20607,63663
2025-09-29T13:38:03.870189,1759153083870,89,4.82421875,3.1796875,2.19580078125,1,6,91,83,90,92,1600000,1600000,1600000,1600000,52.0,0.216,2.061,6.366,216,20607,63663
2025-09-29T13:38:04.371362,1759153084371,92,4.82421875,3.1796875,2.19580078125,1,6,91,89,93,96,1600000,1600000,1600000,1600000,52.0,0.216,2.061,6.366,216,20607,63663
2025-09-29T13:38:04.871882,1759153084871,88,4.82421875,3.1796875,2.19580078125,1,6,87,91,86,88,1600000,1600000,1600000,1600000,52.0,0.216,2.061,6.366,216,20607,63663
2025-09-29T13:38:05.372590,1759153085372,92,4.82421875,3.1796875,2.19580078125,1,6,94,93,90,91,1600000,1600000,1600000,1600000,52.0,0.216,2.061,6.366,216,20607,63663
2025-09-29T13:38:05.873545,1759153085873,91,4.82421875,3.1796875,2.19580078125,1,6,92,92,93,89,1600000,1600000,1600000,1600000,52.0,0.216,2.061,6.366,216,20607,63663
2025-09-29T13:38:06.374346,1759153086374,94,4.82421875,3.1796875,2.19580078125,1,6,93,96,93,93,1600000,1600000,1600000,1600000,52.0,0.216,2.061,6.366,216,20607,63663
2025-09-29T13:38:06.882692,1759153086882,90,4.82421875,3.1796875,2.19580078125,1,6,86,92,94,90,1600000,1600000,1600000,1600000,52.0,0.216,2.061,6.366,216,20607,63663
2025-09-29T13:38:07.376982,1759153087376,89,4.82421875,3.1796875,2.19580078125,1,6,91,88,91,86,1600000,1600000,1600000,1600000,52.0,0.216,2.061,6.366,216,20607,63662
2025-09-29T13:38:07.877973,1759153087877,89,4.82421875,3.1796875,2.19580078125,1,6,91,88,88,88,1600000,1600000,1600000,1600000,52.0,0.216,2.061,6.366,216,20607,63662
2025-09-29T13:38:08.378790,1759153088378,90,4.82421875,3.1796875,2.19580078125,1,6,87,91,91,90,1600000,1600000,1600000,1600000,52.0,0.216,2.061,6.366,216,20607,63662
2025-09-29T13:38:08.879696,1759153088879,90,4.99853515625,3.2431640625,2.2216796875,1,6,85,90,95,90,1600000,1600000,1600000,1600000,52.0,0.216,2.061,6.366,216,20607,63662
2025-09-29T13:38:09.380292,1759153089380,88,4.99853515625,3.2431640625,2.2216796875,1,6,89,88,87,89,1600000,1600000,1600000,1600000,52.0,0.216,2.061,6.366,216,20607,63662
2025-09-29T13:38:09.881372,1759153089881,88,4.99853515625,3.2431640625,2.2216796875,1,6,86,87,89,91,1600000,1600000,1600000,1600000,52.0,0.216,2.061,6.366,216,20607,63662
2025-09-29T13:38:10.383094,1759153090383,91,4.99853515625,3.2431640625,2.2216796875,1,6,92,90,91,93,1600000,1600000,1600000,1600000,52.0,0.216,2.061,6.366,216,20607,63662
2025-09-29T13:38:10.883729,1759153090883,93,4.99853515625,3.2431640625,2.2216796875,1,6,88,93,94,95,1600000,1600000,1600000,1600000,52.0,0.216,2.061,6.366,216,20607,63662
2025-09-29T13:38:11.384760,1759153091384,90,4.99853515625,3.2431640625,2.2216796875,1,6,89,91,90,88,1600000,1600000,1600000,1600000,52.0,0.216,2.061,6.366,216,20607,63661
2025-09-29T13:38:11.885764,1759153091885,88,4.99853515625,3.2431640625,2.2216796875,1,6,90,86,85,90,1600000,1600000,1600000,1600000,52.0,0.216,2.061,6.366,216,20607,63661
2025-09-29T13:38:12.386169,1759153092386,86,4.99853515625,3.2431640625,2.2216796875,1,6,90,85,85,82,1600000,1600000,1600000,1600000,52.0,0.216,2.061,6.366,216,20607,63661
2025-09-29T13:38:12.886681,1759153092886,90,4.99853515625,3.2431640625,2.2216796875,1,6,92,92,89,88,1600000,1600000,1600000,1600000,52.0,0.216,2.061,6.366,216,20607,63661
2025-09-29T13:38:13.388472,1759153093388,95,4.99853515625,3.2431640625,2.2216796875,1,6,97,90,95,95,1600000,1600000,1600000,1600000,52.0,0.216,2.061,6.366,216,20607,63661
2025-09-29T13:38:13.888674,1759153093888,90,5.4794921875,3.3720703125,2.26904296875,1,6,89,89,94,88,1600000,1600000,1600000,1600000,52.0,0.216,2.061,6.366,216,20607,63661
2025-09-29T13:38:14.389691,1759153094389,89,5.4794921875,3.3720703125,2.26904296875,1,6,88,93,88,88,1600000,1600000,1600000,1600000,52.0,0.216,2.061,6.366,216,20607,63661
2025-09-29T13:38:14.890661,1759153094890,87,5.4794921875,3.3720703125,2.26904296875,1,6,87,85,89,88,1600000,1600000,1600000,1600000,52.0,0.216,2.061,6.366,216,20607,63661
2025-09-29T13:38:15.392958,1759153095392,91,5.4794921875,3.3720703125,2.26904296875,1,6,93,87,95,90,1600000,1600000,1600000,1600000,52.0,0.216,2.061,6.366,216,20607,63660
2025-09-29T13:38:15.893631,1759153095893,87,5.4794921875,3.3720703125,2.26904296875,1,6,93,82,92,82,1600000,1600000,1600000,1600000,52.0,0.216,2.061,6.366,216,20607,63660
2025-09-29T13:38:16.394565,1759153096394,91,5.4794921875,3.3720703125,2.26904296875,1,6,93,90,88,91,1600000,1600000,1600000,1600000,52.0,0.216,2.061,6.366,216,20607,63660
2025-09-29T13:38:16.896410,1759153096896,93,5.4794921875,3.3720703125,2.26904296875,1,6,93,93,92,94,1600000,1600000,1600000,1600000,52.0,0.216,2.061,6.366,216,20607,63660
2025-09-29T13:38:17.397093,1759153097397,92,5.4794921875,3.3720703125,2.26904296875,1,6,86,95,93,93,1600000,1600000,1600000,1600000,52.0,0.216,2.061,6.366,216,20607,63660
2025-09-29T13:38:17.898372,1759153097898,87,5.4794921875,3.3720703125,2.26904296875,1,6,80,88,91,89,1600000,1600000,1600000,1600000,52.0,0.216,2.061,6.366,216,20607,63660
2025-09-29T13:38:18.398594,1759153098398,90,5.4794921875,3.3720703125,2.26904296875,1,6,90,91,88,91,1600000,1600000,1600000,1600000,52.0,0.216,2.061,6.366,216,20607,63660
2025-09-29T13:38:18.900040,1759153098900,88,5.36083984375,3.3828125,2.27880859375,1,6,91,86,86,90,1600000,1600000,1600000,1600000,52.0,0.216,2.061,6.366,216,20607,63660
2025-09-29T13:38:19.400904,1759153099400,86,5.36083984375,3.3828125,2.27880859375,1,6,89,87,81,87,1600000,1600000,1600000,1600000,52.0,0.216,2.061,6.366,216,20607,63659
2025-09-29T13:38:19.901572,1759153099901,87,5.36083984375,3.3828125,2.27880859375,1,6,91,80,89,87,1600000,1600000,1600000,1600000,52.0,0.216,2.061,6.366,216,20607,63659
2025-09-29T13:38:20.402706,1759153100402,92,5.36083984375,3.3828125,2.27880859375,1,6,88,95,90,93,1600000,1600000,1600000,1600000,52.0,0.216,2.061,6.366,216,20607,63659
2025-09-29T13:38:20.903511,1759153100903,89,5.36083984375,3.3828125,2.27880859375,1,6,88,88,91,90,1600000,1600000,1600000,1600000,52.0,0.216,2.061,6.366,216,20607,63659
2025-09-29T13:38:21.404744,1759153101404,88,5.36083984375,3.3828125,2.27880859375,1,6,85,89,85,93,1600000,1600000,1600000,1600000,52.0,0.216,2.061,6.366,216,20607,63659
2025-09-29T13:38:21.905166,1759153101905,86,5.36083984375,3.3828125,2.27880859375,1,6,82,91,87,82,1600000,1600000,1600000,1600000,52.0,0.216,2.061,6.366,216,20607,63659
2025-09-29T13:38:22.406958,1759153102406,87,5.36083984375,3.3828125,2.27880859375,1,6,86,86,85,92,1600000,1600000,1600000,1600000,52.0,0.216,2.061,6.366,216,20607,63659
2025-09-29T13:38:22.907794,1759153102907,90,5.36083984375,3.3828125,2.27880859375,1,6,93,91,83,91,1600000,1600000,1600000,1600000,52.0,0.216,2.061,6.366,216,20607,63659
2025-09-29T13:38:23.408414,1759153103408,94,5.36083984375,3.3828125,2.27880859375,1,6,96,93,91,95,1600000,1600000,1600000,1600000,52.0,0.216,2.061,6.366,216,20607,63658
2025-09-29T13:38:23.908864,1759153103908,91,5.8125,3.50927734375,2.32568359375,1,6,91,90,94,92,1600000,1600000,1600000,1600000,52.0,0.216,2.061,6.366,216,20607,63658
2025-09-29T13:38:24.410160,1759153104410,88,5.8125,3.50927734375,2.32568359375,1,6,88,84,90,91,1600000,1600000,1600000,1600000,52.0,0.216,2.061,6.366,216,20607,63658
2025-09-29T13:38:24.911241,1759153104911,87,5.8125,3.50927734375,2.32568359375,1,6,89,89,87,83,1600000,1600000,1600000,1600000,52.0,0.216,2.061,6.366,216,20607,63658
2025-09-29T13:38:25.413929,1759153105413,91,5.8125,3.50927734375,2.32568359375,1,6,86,91,96,91,1600000,1600000,1600000,1600000,52.0,0.216,2.061,6.366,216,20607,63658
2025-09-29T13:38:25.912889,1759153105912,90,5.8125,3.50927734375,2.32568359375,1,6,93,92,87,90,1600000,1600000,1600000,1600000,52.0,0.216,2.061,6.366,216,20607,63658
2025-09-29T13:38:26.414381,1759153106414,89,5.8125,3.50927734375,2.32568359375,1,6,91,91,89,87,1600000,1600000,1600000,1600000,52.0,0.216,2.061,6.366,216,20607,63658
2025-09-29T13:38:26.915178,1759153106915,87,5.8125,3.50927734375,2.32568359375,1,6,89,93,80,87,1600000,1600000,1600000,1600000,52.0,0.216,2.061,6.366,216,20607,63658
2025-09-29T13:38:27.416500,1759153107416,93,5.8125,3.50927734375,2.32568359375,1,6,93,96,92,91,1600000,1600000,1600000,1600000,52.0,0.216,2.061,6.366,216,20607,63657
2025-09-29T13:38:27.917100,1759153107917,91,5.8125,3.50927734375,2.32568359375,1,6,93,94,88,91,1600000,1600000,1600000,1600000,52.0,0.216,2.061,6.366,216,20607,63657
2025-09-29T13:38:28.418577,1759153108418,90,5.8125,3.50927734375,2.32568359375,1,6,84,84,95,96,1600000,1600000,1600000,1600000,52.0,0.216,2.061,6.366,216,20607,63657
2025-09-29T13:38:28.919669,1759153108919,90,6.14794921875,3.6171875,2.3671875,1,6,91,86,96,88,1600000,1600000,1600000,1600000,52.0,0.216,2.061,6.366,216,20607,63657
2025-09-29T13:38:29.421582,1759153109421,93,6.14794921875,3.6171875,2.3671875,1,6,97,89,93,92,1600000,1600000,1600000,1600000,53.0,0.216,2.061,6.366,216,20607,63657
2025-09-29T13:38:29.921466,1759153109921,93,6.14794921875,3.6171875,2.3671875,1,6,93,90,100,91,1600000,1600000,1600000,1600000,53.0,0.216,2.061,6.366,216,20607,63657
2025-09-29T13:38:30.422882,1759153110422,92,6.14794921875,3.6171875,2.3671875,1,6,93,85,92,97,1600000,1600000,1600000,1600000,53.0,0.216,2.061,6.366,216,20607,63657
2025-09-29T13:38:30.923676,1759153110923,88,6.14794921875,3.6171875,2.3671875,1,6,90,85,90,87,1600000,1600000,1600000,1600000,52.0,0.216,2.061,6.366,216,20607,63657
2025-09-29T13:38:31.423891,1759153111423,89,6.14794921875,3.6171875,2.3671875,1,6,88,87,91,88,1600000,1600000,1600000,1600000,52.0,0.216,2.061,6.366,216,20607,63656
2025-09-29T13:38:31.925548,1759153111925,90,6.14794921875,3.6171875,2.3671875,1,6,91,89,92,89,1600000,1600000,1600000,1600000,52.0,0.216,2.061,6.366,216,20607,63656
2025-09-29T13:38:32.426570,1759153112426,93,6.14794921875,3.6171875,2.3671875,1,6,88,93,97,95,1600000,1600000,1600000,1600000,53.0,0.216,2.061,6.366,216,20607,63656
2025-09-29T13:38:32.932498,1759153112932,93,6.14794921875,3.6171875,2.3671875,1,6,93,87,96,96,1600000,1600000,1600000,1600000,53.0,0.216,2.061,6.366,216,20607,63656
2025-09-29T13:38:33.430116,1759153113430,94,6.14794921875,3.6171875,2.3671875,1,6,93,88,96,98,1600000,1600000,1600000,1600000,53.0,0.216,2.061,6.366,216,20607,63656
2025-09-29T13:38:33.930285,1759153113930,87,6.29638671875,3.6904296875,2.3974609375,1,6,89,86,88,85,1600000,1600000,1600000,1600000,52.0,0.216,2.061,6.366,216,20607,63656
2025-09-29T13:38:34.432410,1759153114432,88,6.29638671875,3.6904296875,2.3974609375,1,6,93,90,81,89,1600000,1600000,1600000,1600000,52.0,0.216,2.061,6.366,216,20607,63656
2025-09-29T13:38:34.933852,1759153114933,92,6.29638671875,3.6904296875,2.3974609375,1,6,93,91,90,95,1600000,1600000,1600000,1600000,53.0,0.216,2.061,6.366,216,20607,63656
2025-09-29T13:38:35.434759,1759153115434,91,6.29638671875,3.6904296875,2.3974609375,1,6,91,93,88,90,1600000,1600000,1600000,1600000,52.0,0.216,2.061,6.366,216,20607,63656
2025-09-29T13:38:35.935180,1759153115935,93,6.29638671875,3.6904296875,2.3974609375,1,6,87,93,95,97,1600000,1600000,1600000,1600000,52.0,0.216,2.061,6.365,216,20607,63655
2025-09-29T13:38:36.436731,1759153116436,90,6.29638671875,3.6904296875,2.3974609375,1,6,86,91,91,91,1600000,1600000,1600000,1600000,53.0,0.216,2.061,6.365,216,20607,63655
2025-09-29T13:38:36.938327,1759153116938,92,6.29638671875,3.6904296875,2.3974609375,1,6,92,93,88,94,1600000,1600000,1600000,1600000,52.0,0.216,2.061,6.365,216,20607,63655
2025-09-29T13:38:37.438990,1759153117438,90,6.29638671875,3.6904296875,2.3974609375,1,6,91,88,90,91,1600000,1600000,1600000,1600000,52.0,0.216,2.061,6.365,216,20607,63655
2025-09-29T13:38:37.939765,1759153117939,88,6.29638671875,3.6904296875,2.3974609375,1,6,89,81,92,92,1600000,1600000,1600000,1600000,52.0,0.216,2.061,6.365,216,20607,63655
2025-09-29T13:38:38.441118,1759153118441,88,6.29638671875,3.6904296875,2.3974609375,1,6,83,93,91,85,1600000,1600000,1600000,1600000,52.0,0.216,2.061,6.365,216,20607,63655
2025-09-29T13:38:38.942084,1759153118942,90,6.1123046875,3.69580078125,2.40625,1,6,92,89,89,91,1600000,1600000,1600000,1600000,52.0,0.216,2.061,6.365,216,20607,63655
2025-09-29T13:38:39.442765,1759153119442,92,6.1123046875,3.69580078125,2.40625,1,6,90,91,93,95,1600000,1600000,1600000,1600000,53.0,0.216,2.061,6.365,216,20607,63654
2025-09-29T13:38:39.943931,1759153119943,87,6.1123046875,3.69580078125,2.40625,1,6,85,87,88,90,1600000,1600000,1600000,1600000,52.0,0.216,2.061,6.365,216,20607,63654
2025-09-29T13:38:40.445065,1759153120445,90,6.1123046875,3.69580078125,2.40625,1,6,89,84,93,95,1600000,1600000,1600000,1600000,52.0,0.216,2.061,6.365,216,20607,63654
2025-09-29T13:38:40.946100,1759153120946,90,6.1123046875,3.69580078125,2.40625,1,6,88,91,91,90,1600000,1600000,1600000,1600000,52.0,0.216,2.061,6.365,216,20607,63654
2025-09-29T13:38:41.447279,1759153121447,88,6.1123046875,3.69580078125,2.40625,1,6,84,87,93,89,1600000,1600000,1600000,1600000,52.0,0.216,2.061,6.365,216,20607,63654
2025-09-29T13:38:41.948323,1759153121948,92,6.1123046875,3.69580078125,2.40625,1,6,93,96,91,90,1600000,1600000,1600000,1600000,53.0,0.216,2.061,6.365,216,20607,63654
2025-09-29T13:38:42.448437,1759153122448,92,6.1123046875,3.69580078125,2.40625,1,6,93,94,89,93,1600000,1600000,1600000,1600000,53.0,0.216,2.061,6.365,216,20607,63654
2025-09-29T13:38:42.950017,1759153122950,87,6.1123046875,3.69580078125,2.40625,1,6,88,87,85,87,1600000,1600000,1600000,1600000,53.0,0.216,2.061,6.365,216,20607,63654
2025-09-29T13:38:43.451116,1759153123451,90,6.1123046875,3.69580078125,2.40625,1,6,81,95,89,95,1600000,1600000,1600000,1600000,52.0,0.216,2.061,6.365,216,20607,63653
2025-09-29T13:38:43.951952,1759153123951,93,6.18359375,3.7509765625,2.43115234375,1,6,91,89,95,97,1600000,1600000,1600000,1600000,53.0,0.216,2.061,6.365,216,20607,63653
2025-09-29T13:38:44.458993,1759153124458,95,6.18359375,3.7509765625,2.43115234375,1,6,91,93,100,97,1600000,1600000,1600000,1600000,53.0,0.216,2.061,6.365,216,20607,63653
2025-09-29T13:38:44.960636,1759153124960,87,6.18359375,3.7509765625,2.43115234375,1,6,84,91,87,88,1600000,1600000,1600000,1600000,53.0,0.216,2.061,6.365,216,20607,63653
2025-09-29T13:38:45.461272,1759153125461,89,6.18359375,3.7509765625,2.43115234375,1,6,91,91,86,89,1600000,1600000,1600000,1600000,53.0,0.216,2.061,6.365,216,20607,63653
2025-09-29T13:38:45.962300,1759153125962,88,6.18359375,3.7509765625,2.43115234375,1,6,88,88,87,89,1600000,1600000,1600000,1600000,53.0,0.216,2.061,6.365,216,20607,63653
2025-09-29T13:38:46.463184,1759153126463,89,6.18359375,3.7509765625,2.43115234375,1,6,89,87,90,89,1600000,1600000,1600000,1600000,53.0,0.216,2.061,6.365,216,20607,63653
2025-09-29T13:38:46.963524,1759153126963,91,6.18359375,3.7509765625,2.43115234375,1,6,93,93,86,91,1600000,1600000,1600000,1600000,53.0,0.216,2.061,6.365,216,20607,63653
2025-09-29T13:38:47.464494,1759153127464,90,6.18359375,3.7509765625,2.43115234375,1,6,89,93,88,88,1600000,1600000,1600000,1600000,53.0,0.216,2.061,6.365,216,20607,63652
2025-09-29T13:38:47.965852,1759153127965,93,6.18359375,3.7509765625,2.43115234375,1,6,91,95,94,90,1600000,1600000,1600000,1600000,53.0,0.216,2.061,6.365,216,20607,63652
2025-09-29T13:38:48.465864,1759153128465,92,6.18359375,3.7509765625,2.43115234375,1,6,90,93,91,93,1600000,1600000,1600000,1600000,52.0,0.216,2.061,6.365,216,20607,63652
2025-09-29T13:38:48.967957,1759153128967,90,6.3291015625,3.82177734375,2.46142578125,1,6,82,91,96,91,1600000,1600000,1600000,1600000,53.0,0.216,2.061,6.365,216,20607,63652
2025-09-29T13:38:49.467759,1759153129467,92,6.3291015625,3.82177734375,2.46142578125,1,6,87,93,96,92,1600000,1600000,1600000,1600000,53.0,0.216,2.061,6.365,216,20607,63652
2025-09-29T13:38:49.969090,1759153129969,92,6.3291015625,3.82177734375,2.46142578125,1,6,93,91,89,93,1600000,1600000,1600000,1600000,53.0,0.216,2.061,6.365,216,20607,63652
2025-09-29T13:38:50.469905,1759153130469,85,6.3291015625,3.82177734375,2.46142578125,1,6,82,91,84,85,1600000,1600000,1600000,1600000,52.0,0.216,2.061,6.365,216,20607,63652
2025-09-29T13:38:50.971210,1759153130971,91,6.3291015625,3.82177734375,2.46142578125,1,6,91,89,90,94,1600000,1600000,1600000,1600000,53.0,0.216,2.061,6.365,216,20607,63652
2025-09-29T13:38:51.471915,1759153131471,94,6.3291015625,3.82177734375,2.46142578125,1,6,96,97,93,90,1600000,1600000,1600000,1600000,53.0,0.216,2.061,6.365,216,20607,63652
2025-09-29T13:38:51.973019,1759153131973,86,6.3291015625,3.82177734375,2.46142578125,1,6,82,81,88,91,1600000,1600000,1600000,1600000,52.0,0.216,2.061,6.365,216,20607,63651
2025-09-29T13:38:52.474569,1759153132474,89,6.3291015625,3.82177734375,2.46142578125,1,6,89,91,87,90,1600000,1600000,1600000,1600000,53.0,0.216,2.061,6.365,216,20607,63651
2025-09-29T13:38:52.983223,1759153132983,90,6.3291015625,3.82177734375,2.46142578125,1,6,89,90,89,93,1600000,1600000,1600000,1600000,53.0,0.216,2.061,6.365,216,20607,63651
2025-09-29T13:38:53.477425,1759153133477,90,6.3291015625,3.82177734375,2.46142578125,1,6,93,89,88,92,1600000,1600000,1600000,1600000,53.0,0.216,2.061,6.365,216,20607,63651
2025-09-29T13:38:53.977892,1759153133977,92,5.982421875,3.79150390625,2.45849609375,1,6,87,95,91,93,1600000,1600000,1600000,1600000,53.0,0.216,2.061,6.365,216,20607,63651
2025-09-29T13:38:54.478460,1759153134478,92,5.982421875,3.79150390625,2.45849609375,1,6,94,90,91,93,1600000,1600000,1600000,1600000,53.0,0.216,2.061,6.365,216,20607,63651
2025-09-29T13:38:54.978918,1759153134978,89,5.982421875,3.79150390625,2.45849609375,1,6,85,92,91,90,1600000,1600000,1600000,1600000,53.0,0.216,2.061,6.365,216,20607,63651
2025-09-29T13:38:55.480456,1759153135480,92,5.982421875,3.79150390625,2.45849609375,1,6,91,95,92,91,1600000,1600000,1600000,1600000,53.0,0.216,2.061,6.365,216,20607,63651
2025-09-29T13:38:55.982078,1759153135982,91,5.982421875,3.79150390625,2.45849609375,1,6,93,91,87,94,1600000,1600000,1600000,1600000,53.0,0.216,2.061,6.365,216,20607,63650
2025-09-29T13:38:56.483463,1759153136483,92,5.982421875,3.79150390625,2.45849609375,1,6,97,88,96,88,1600000,1600000,1600000,1600000,53.0,0.216,2.061,6.365,216,20607,63650
2025-09-29T13:38:56.984226,1759153136984,90,5.982421875,3.79150390625,2.45849609375,1,6,85,88,90,95,1600000,1600000,1600000,1600000,53.0,0.216,2.061,6.365,216,20607,63650
2025-09-29T13:38:57.485298,1759153137485,91,5.982421875,3.79150390625,2.45849609375,1,6,91,91,89,94,1600000,1600000,1600000,1600000,53.0,0.216,2.061,6.365,216,20607,63650
2025-09-29T13:38:57.986827,1759153137986,89,5.982421875,3.79150390625,2.45849609375,1,6,93,85,86,90,1600000,1600000,1600000,1600000,53.0,0.216,2.061,6.365,216,20607,63650
2025-09-29T13:38:58.487698,1759153138487,89,5.982421875,3.79150390625,2.45849609375,1,6,93,89,88,84,1600000,1600000,1600000,1600000,53.0,0.216,2.061,6.365,216,20607,63650
2025-09-29T13:38:58.988408,1759153138988,90,6.06396484375,3.84521484375,2.48291015625,1,6,90,91,94,83,1600000,1600000,1600000,1600000,53.0,0.216,2.061,6.365,216,20607,63650
2025-09-29T13:38:59.489895,1759153139489,91,6.06396484375,3.84521484375,2.48291015625,1,6,89,87,95,94,1600000,1600000,1600000,1600000,53.0,0.216,2.061,6.365,216,20607,63650
2025-09-29T13:38:59.991126,1759153139991,88,6.06396484375,3.84521484375,2.48291015625,1,6,88,91,89,84,1600000,1600000,1600000,1600000,53.0,0.216,2.061,6.365,216,20607,63649
2025-09-29T13:39:00.492236,1759153140492,89,6.06396484375,3.84521484375,2.48291015625,1,6,84,86,93,95,1600000,1600000,1600000,1600000,53.0,0.216,2.061,6.365,216,20607,63649
2025-09-29T13:39:00.996616,1759153140996,90,6.06396484375,3.84521484375,2.48291015625,1,6,86,88,92,93,1600000,1600000,1600000,1600000,53.0,0.216,2.061,6.365,216,20607,63649
2025-09-29T13:39:01.494645,1759153141494,90,6.06396484375,3.84521484375,2.48291015625,1,6,89,91,90,89,1600000,1600000,1600000,1600000,53.0,0.216,2.061,6.365,216,20607,63649
2025-09-29T13:39:01.995649,1759153141995,93,6.06396484375,3.84521484375,2.48291015625,1,6,91,95,91,94,1600000,1600000,1600000,1600000,53.0,0.216,2.061,6.365,216,20607,63649
2025-09-29T13:39:02.496953,1759153142496,90,6.06396484375,3.84521484375,2.48291015625,1,6,90,89,91,89,1600000,1600000,1600000,1600000,53.0,0.216,2.061,6.365,216,20607,63649
2025-09-29T13:39:02.998008,1759153142998,91,6.06396484375,3.84521484375,2.48291015625,1,6,89,94,93,90,1600000,1600000,1600000,1600000,53.0,0.216,2.061,6.365,216,20607,63649
2025-09-29T13:39:03.498970,1759153143498,90,6.06396484375,3.84521484375,2.48291015625,1,6,93,86,92,89,1600000,1600000,1600000,1600000,52.0,0.216,2.061,6.365,216,20607,63649
2025-09-29T13:39:03.999798,1759153143999,90,6.21923828125,3.91455078125,2.5126953125,1,6,91,88,87,93,1600000,1600000,1600000,1600000,53.0,0.216,2.061,6.365,216,20607,63648
2025-09-29T13:39:04.500480,1759153144500,92,6.21923828125,3.91455078125,2.5126953125,1,6,93,89,94,91,1600000,1600000,1600000,1600000,53.0,0.216,2.061,6.365,216,20607,63648
2025-09-29T13:39:05.002922,1759153145002,91,6.21923828125,3.91455078125,2.5126953125,1,6,89,93,92,91,1600000,1600000,1600000,1600000,53.0,0.216,2.061,6.365,216,20607,63648
2025-09-29T13:39:05.503818,1759153145503,84,6.21923828125,3.91455078125,2.5126953125,1,6,88,84,81,82,1600000,1600000,1600000,1600000,53.0,0.216,2.061,6.365,216,20607,63648
2025-09-29T13:39:06.005208,1759153146005,87,6.21923828125,3.91455078125,2.5126953125,1,6,89,84,91,86,1600000,1600000,1600000,1600000,53.0,0.216,2.061,6.365,216,20607,63648
2025-09-29T13:39:06.505961,1759153146505,89,6.21923828125,3.91455078125,2.5126953125,1,6,91,89,87,89,1600000,1600000,1600000,1600000,53.0,0.216,2.061,6.365,216,20607,63648
2025-09-29T13:39:07.007264,1759153147007,93,6.21923828125,3.91455078125,2.5126953125,1,6,94,93,91,93,1600000,1600000,1600000,1600000,53.0,0.216,2.061,6.365,216,20607,63648
2025-09-29T13:39:07.508095,1759153147508,93,6.21923828125,3.91455078125,2.5126953125,1,6,91,95,93,93,1600000,1600000,1600000,1600000,53.0,0.216,2.061,6.365,216,20607,63648
2025-09-29T13:39:08.008679,1759153148008,88,6.21923828125,3.91455078125,2.5126953125,1,6,84,87,93,86,1600000,1600000,1600000,1600000,53.0,0.216,2.061,6.365,216,20607,63647
2025-09-29T13:39:08.509997,1759153148509,90,6.21923828125,3.91455078125,2.5126953125,1,6,92,90,92,86,1600000,1600000,1600000,1600000,53.0,0.216,2.061,6.365,216,20607,63647
2025-09-29T13:39:09.011373,1759153149011,94,6.3623046875,3.982421875,2.54248046875,1,6,89,97,94,95,1600000,1600000,1600000,1600000,53.0,0.216,2.061,6.365,216,20607,63647
2025-09-29T13:39:09.512595,1759153149512,91,6.3623046875,3.982421875,2.54248046875,1,6,86,95,91,93,1600000,1600000,1600000,1600000,53.0,0.216,2.061,6.365,216,20607,63647
2025-09-29T13:39:10.024152,1759153150024,87,6.3623046875,3.982421875,2.54248046875,1,6,86,90,83,89,1600000,1600000,1600000,1600000,53.0,0.216,2.061,6.365,216,20607,63647
2025-09-29T13:39:10.515398,1759153150515,91,6.3623046875,3.982421875,2.54248046875,1,6,91,85,95,93,1600000,1600000,1600000,1600000,53.0,0.216,2.061,6.365,216,20607,63647
2025-09-29T13:39:11.016513,1759153151016,93,6.3623046875,3.982421875,2.54248046875,1,6,95,91,95,89,1600000,1600000,1600000,1600000,53.0,0.216,2.061,6.365,216,20607,63647
2025-09-29T13:39:11.520146,1759153151520,93,6.3623046875,3.982421875,2.54248046875,1,6,95,93,94,90,1600000,1600000,1600000,1600000,53.0,0.216,2.061,6.365,216,20607,63647
2025-09-29T13:39:12.018688,1759153152018,92,6.3623046875,3.982421875,2.54248046875,1,6,91,92,92,93,1600000,1600000,1600000,1600000,53.0,0.216,2.061,6.365,216,20607,63646
2025-09-29T13:39:12.519285,1759153152519,92,6.3623046875,3.982421875,2.54248046875,1,6,93,91,92,91,1600000,1600000,1600000,1600000,53.0,0.216,2.061,6.365,216,20607,63646
2025-09-29T13:39:13.020260,1759153153020,95,6.3623046875,3.982421875,2.54248046875,1,6,93,93,95,97,1600000,1600000,1600000,1600000,53.0,0.216,2.061,6.365,216,20607,63646
2025-09-29T13:39:13.520813,1759153153520,89,6.3623046875,3.982421875,2.54248046875,1,6,93,86,87,88,1600000,1600000,1600000,1600000,53.0,0.216,2.061,6.365,216,20607,63646
2025-09-29T13:39:14.021426,1759153154021,88,6.2529296875,3.99951171875,2.55615234375,1,6,86,91,87,89,1600000,1600000,1600000,1600000,53.0,0.216,2.061,6.365,216,20607,63646
2025-09-29T13:39:14.523031,1759153154523,93,6.2529296875,3.99951171875,2.55615234375,1,6,92,95,93,90,1600000,1600000,1600000,1600000,53.0,0.216,2.061,6.365,216,20607,63646
2025-09-29T13:39:15.023873,1759153155023,93,6.2529296875,3.99951171875,2.55615234375,1,6,93,96,92,92,1600000,1600000,1600000,1600000,53.0,0.216,2.061,6.365,216,20607,63646
2025-09-29T13:39:15.525255,1759153155525,87,6.2529296875,3.99951171875,2.55615234375,1,6,87,86,86,88,1600000,1600000,1600000,1600000,53.0,0.216,2.061,6.365,216,20607,63646
2025-09-29T13:39:16.027463,1759153156027,90,6.2529296875,3.99951171875,2.55615234375,1,6,92,91,90,90,1600000,1600000,1600000,1600000,53.0,0.216,2.061,6.365,216,20607,63645
2025-09-29T13:39:16.526893,1759153156526,93,6.2529296875,3.99951171875,2.55615234375,1,6,88,95,92,98,1600000,1600000,1600000,1600000,53.0,0.216,2.061,6.365,216,20607,63645
2025-09-29T13:39:17.028577,1759153157028,89,6.2529296875,3.99951171875,2.55615234375,1,6,90,86,92,88,1600000,1600000,1600000,1600000,53.0,0.216,2.061,6.365,216,20607,63645
2025-09-29T13:39:17.529714,1759153157529,92,6.2529296875,3.99951171875,2.55615234375,1,6,91,93,93,89,1600000,1600000,1600000,1600000,53.0,0.216,2.061,6.365,216,20607,63645
2025-09-29T13:39:18.031021,1759153158031,92,6.2529296875,3.99951171875,2.55615234375,1,6,91,93,91,91,1600000,1600000,1600000,1600000,53.0,0.216,2.061,6.365,216,20607,63645
2025-09-29T13:39:18.532063,1759153158532,87,6.2529296875,3.99951171875,2.55615234375,1,6,89,89,86,82,1600000,1600000,1600000,1600000,53.0,0.216,2.061,6.365,216,20607,63645
2025-09-29T13:39:19.032828,1759153159032,89,6.072265625,4.0,2.56396484375,1,6,84,90,93,90,1600000,1600000,1600000,1600000,53.0,0.216,2.061,6.365,216,20607,63645
2025-09-29T13:39:19.533807,1759153159533,91,6.072265625,4.0,2.56396484375,1,6,94,93,86,92,1600000,1600000,1600000,1600000,53.0,0.216,2.061,6.365,216,20607,63645
2025-09-29T13:39:20.035076,1759153160035,89,6.072265625,4.0,2.56396484375,1,6,89,91,89,88,1600000,1600000,1600000,1600000,53.0,0.216,2.061,6.364,216,20607,63644
2025-09-29T13:39:20.536278,1759153160536,93,6.072265625,4.0,2.56396484375,1,6,93,93,93,93,1600000,1600000,1600000,1600000,53.0,0.216,2.061,6.364,216,20607,63644
2025-09-29T13:39:21.036551,1759153161036,93,6.072265625,4.0,2.56396484375,1,6,91,94,93,93,1600000,1600000,1600000,1600000,53.0,0.216,2.061,6.364,216,20607,63644
2025-09-29T13:39:21.538813,1759153161538,93,6.072265625,4.0,2.56396484375,1,6,91,94,95,94,1600000,1600000,1600000,1600000,53.0,0.216,2.061,6.364,216,20607,63644
2025-09-29T13:39:22.038558,1759153162038,94,6.072265625,4.0,2.56396484375,1,6,93,94,95,93,1600000,1600000,1600000,1600000,53.0,0.216,2.061,6.364,216,20607,63644
2025-09-29T13:39:22.540046,1759153162540,90,6.072265625,4.0,2.56396484375,1,6,93,87,89,90,1600000,1600000,1600000,1600000,53.0,0.216,2.061,6.364,216,20607,63644
2025-09-29T13:39:23.041453,1759153163041,89,6.072265625,4.0,2.56396484375,1,6,93,86,89,86,1600000,1600000,1600000,1600000,53.0,0.216,2.061,6.364,216,20607,63644
2025-09-29T13:39:23.545849,1759153163545,91,6.072265625,4.0,2.56396484375,1,6,93,91,91,91,1600000,1600000,1600000,1600000,53.0,0.216,2.061,6.364,216,20607,63644
2025-09-29T13:39:24.042734,1759153164042,87,6.14697265625,4.0498046875,2.587890625,1,6,91,89,91,77,1600000,1600000,1600000,1600000,53.0,0.216,2.061,6.364,216,20607,63643
2025-09-29T13:39:24.543280,1759153164543,87,6.14697265625,4.0498046875,2.587890625,1,6,84,89,89,85,1600000,1600000,1600000,1600000,53.0,0.216,2.061,6.364,216,20607,63643
2025-09-29T13:39:25.045584,1759153165045,89,6.14697265625,4.0498046875,2.587890625,1,6,89,95,87,84,1600000,1600000,1600000,1600000,53.0,0.216,2.061,6.364,216,20607,63643
2025-09-29T13:39:25.545267,1759153165545,90,6.14697265625,4.0498046875,2.587890625,1,6,88,90,92,91,1600000,1600000,1600000,1600000,53.0,0.216,2.061,6.364,216,20607,63643
2025-09-29T13:39:26.046547,1759153166046,88,6.14697265625,4.0498046875,2.587890625,1,6,87,88,88,91,1600000,1600000,1600000,1600000,53.0,0.216,2.061,6.364,216,20607,63643
2025-09-29T13:39:26.547949,1759153166547,92,6.14697265625,4.0498046875,2.587890625,1,6,92,92,90,95,1600000,1600000,1600000,1600000,53.0,0.216,2.061,6.364,216,20607,63643
2025-09-29T13:39:27.049333,1759153167049,91,6.14697265625,4.0498046875,2.587890625,1,6,90,88,94,91,1600000,1600000,1600000,1600000,53.0,0.216,2.061,6.364,216,20607,63643
2025-09-29T13:39:27.550902,1759153167550,89,6.14697265625,4.0498046875,2.587890625,1,6,87,86,91,93,1600000,1600000,1600000,1600000,53.0,0.216,2.061,6.364,216,20607,63643
2025-09-29T13:39:28.051865,1759153168051,89,6.14697265625,4.0498046875,2.587890625,1,6,88,87,88,93,1600000,1600000,1600000,1600000,53.0,0.216,2.061,6.364,216,20607,63642
2025-09-29T13:39:28.553025,1759153168553,91,6.14697265625,4.0498046875,2.587890625,1,6,83,89,95,95,1600000,1600000,1600000,1600000,53.0,0.216,2.061,6.364,216,20607,63642
2025-09-29T13:39:29.054408,1759153169054,90,6.29541015625,4.11572265625,2.6171875,1,6,88,91,89,90,1600000,1600000,1600000,1600000,53.0,0.216,2.061,6.364,216,20607,63642
2025-09-29T13:39:29.555218,1759153169555,91,6.29541015625,4.11572265625,2.6171875,1,6,93,90,91,89,1600000,1600000,1600000,1600000,53.0,0.216,2.061,6.364,216,20607,63642
2025-09-29T13:39:30.055980,1759153170055,92,6.29541015625,4.11572265625,2.6171875,1,6,93,93,94,89,1600000,1600000,1600000,1600000,53.0,0.216,2.061,6.364,216,20607,63642
2025-09-29T13:39:30.556796,1759153170556,91,6.29541015625,4.11572265625,2.6171875,1,6,94,92,88,92,1600000,1600000,1600000,1600000,53.0,0.216,2.061,6.364,216,20607,63642
2025-09-29T13:39:31.060999,1759153171060,91,6.29541015625,4.11572265625,2.6171875,1,6,95,92,84,94,1600000,1600000,1600000,1600000,53.0,0.216,2.061,6.364,216,20607,63642
2025-09-29T13:39:31.561456,1759153171561,89,6.29541015625,4.11572265625,2.6171875,1,6,90,91,82,91,1600000,1600000,1600000,1600000,53.0,0.216,2.061,6.364,216,20607,63642
2025-09-29T13:39:32.062065,1759153172062,90,6.29541015625,4.11572265625,2.6171875,1,6,91,87,93,90,1600000,1600000,1600000,1600000,53.0,0.216,2.061,6.364,216,20607,63641
2025-09-29T13:39:32.565112,1759153172565,88,6.29541015625,4.11572265625,2.6171875,1,6,87,85,91,90,1600000,1600000,1600000,1600000,53.0,0.216,2.061,6.364,216,20607,63641
2025-09-29T13:39:33.065312,1759153173065,91,6.29541015625,4.11572265625,2.6171875,1,6,95,89,88,91,1600000,1600000,1600000,1600000,53.0,0.216,2.061,6.364,216,20607,63641
2025-09-29T13:39:33.566051,1759153173566,95,6.29541015625,4.11572265625,2.6171875,1,6,93,95,97,93,1600000,1600000,1600000,1600000,53.0,0.216,2.061,6.364,216,20607,63641
2025-09-29T13:39:34.066988,1759153174066,90,6.35205078125,4.1640625,2.64111328125,1,6,88,96,92,85,1600000,1600000,1600000,1600000,53.0,0.216,2.061,6.364,216,20607,63641
2025-09-29T13:39:34.568244,1759153174568,91,6.35205078125,4.1640625,2.64111328125,1,6,95,92,88,88,1600000,1600000,1600000,1600000,53.0,0.216,2.061,6.364,216,20607,63641
2025-09-29T13:39:35.070330,1759153175070,89,6.35205078125,4.1640625,2.64111328125,1,6,89,89,93,86,1600000,1600000,1600000,1600000,53.0,0.216,2.061,6.364,216,20607,63641
2025-09-29T13:39:35.569676,1759153175569,93,6.35205078125,4.1640625,2.64111328125,1,6,96,96,91,91,1600000,1600000,1600000,1600000,53.0,0.216,2.061,6.364,216,20607,63641
2025-09-29T13:39:36.070619,1759153176070,91,6.35205078125,4.1640625,2.64111328125,1,6,93,91,89,89,1600000,1600000,1600000,1600000,53.0,0.216,2.061,6.364,216,20607,63640
2025-09-29T13:39:36.571211,1759153176571,92,6.35205078125,4.1640625,2.64111328125,1,6,88,93,90,97,1600000,1600000,1600000,1600000,53.0,0.216,2.061,6.364,216,20607,63640
2025-09-29T13:39:37.072376,1759153177072,87,6.35205078125,4.1640625,2.64111328125,1,6,83,90,89,87,1600000,1600000,1600000,1600000,53.0,0.216,2.061,6.364,216,20607,63640
2025-09-29T13:39:37.574338,1759153177574,86,6.35205078125,4.1640625,2.64111328125,1,6,87,88,87,83,1600000,1600000,1600000,1600000,53.0,0.216,2.061,6.364,216,20607,63640
2025-09-29T13:39:38.075593,1759153178075,91,6.35205078125,4.1640625,2.64111328125,1,6,93,88,92,91,1600000,1600000,1600000,1600000,53.0,0.216,2.061,6.364,216,20607,63640
2025-09-29T13:39:38.576951,1759153178576,89,6.35205078125,4.1640625,2.64111328125,1,6,84,91,91,90,1600000,1600000,1600000,1600000,53.0,0.216,2.061,6.364,216,20607,63640
2025-09-29T13:39:39.077529,1759153179077,92,6.32373046875,4.19482421875,2.6591796875,1,6,91,93,89,94,1600000,1600000,1600000,1600000,53.0,0.216,2.061,6.364,216,20607,63640
2025-09-29T13:39:39.578547,1759153179578,91,6.32373046875,4.19482421875,2.6591796875,1,6,87,91,90,93,1600000,1600000,1600000,1600000,53.0,0.216,2.061,6.364,216,20607,63640
2025-09-29T13:39:40.081426,1759153180081,91,6.32373046875,4.19482421875,2.6591796875,1,6,94,89,94,90,1600000,1600000,1600000,1600000,53.0,0.216,2.061,6.364,216,20607,63639
2025-09-29T13:39:40.581303,1759153180581,91,6.32373046875,4.19482421875,2.6591796875,1,6,89,91,95,87,1600000,1600000,1600000,1600000,53.0,0.216,2.061,6.364,216,20607,63639
2025-09-29T13:39:41.081813,1759153181081,90,6.32373046875,4.19482421875,2.6591796875,1,6,93,93,92,84,1600000,1600000,1600000,1600000,53.0,0.216,2.061,6.364,216,20607,63639
2025-09-29T13:39:41.583092,1759153181583,87,6.32373046875,4.19482421875,2.6591796875,1,6,89,92,87,80,1600000,1600000,1600000,1600000,53.0,0.216,2.061,6.364,216,20607,63639
2025-09-29T13:39:42.083185,1759153182083,88,6.32373046875,4.19482421875,2.6591796875,1,6,87,91,90,84,1600000,1600000,1600000,1600000,53.0,0.216,2.061,6.364,216,20607,63639
2025-09-29T13:39:42.584712,1759153182584,88,6.32373046875,4.19482421875,2.6591796875,1,6,94,81,91,86,1600000,1600000,1600000,1600000,53.0,0.216,2.061,6.364,216,20607,63639
2025-09-29T13:39:43.085623,1759153183085,91,6.32373046875,4.19482421875,2.6591796875,1,6,96,88,89,93,1600000,1600000,1600000,1600000,53.0,0.216,2.061,6.364,216,20607,63639
2025-09-29T13:39:43.586631,1759153183586,90,6.32373046875,4.19482421875,2.6591796875,1,6,89,90,89,91,1600000,1600000,1600000,1600000,53.0,0.216,2.061,6.364,216,20607,63639
2025-09-29T13:39:44.087635,1759153184087,91,6.21728515625,4.20849609375,2.671875,1,6,86,92,93,91,1600000,1600000,1600000,1600000,53.0,0.216,2.061,6.364,216,20607,63638
2025-09-29T13:39:44.588852,1759153184588,91,6.21728515625,4.20849609375,2.671875,1,6,91,92,86,95,1600000,1600000,1600000,1600000,53.0,0.216,2.061,6.364,216,20607,63638
2025-09-29T13:39:45.089907,1759153185089,90,6.21728515625,4.20849609375,2.671875,1,6,91,88,91,92,1600000,1600000,1600000,1600000,53.0,0.216,2.061,6.364,216,20607,63638
2025-09-29T13:39:45.591150,1759153185591,88,6.21728515625,4.20849609375,2.671875,1,6,86,91,88,89,1600000,1600000,1600000,1600000,53.0,0.216,2.061,6.364,216,20607,63638
2025-09-29T13:39:46.091999,1759153186091,87,6.21728515625,4.20849609375,2.671875,1,6,88,86,86,88,1600000,1600000,1600000,1600000,53.0,0.216,2.061,6.364,216,20607,63638
2025-09-29T13:39:46.593493,1759153186593,88,6.21728515625,4.20849609375,2.671875,1,6,90,86,87,88,1600000,1600000,1600000,1600000,53.0,0.216,2.061,6.364,216,20607,63638
2025-09-29T13:39:47.104198,1759153187104,92,6.21728515625,4.20849609375,2.671875,1,6,88,95,95,90,1600000,1600000,1600000,1600000,53.0,0.216,2.061,6.364,216,20607,63638
2025-09-29T13:39:47.605360,1759153187605,94,6.21728515625,4.20849609375,2.671875,1,6,93,91,98,93,1600000,1600000,1600000,1600000,53.0,0.216,2.061,6.364,216,20607,63638
2025-09-29T13:39:48.098624,1759153188098,93,6.21728515625,4.20849609375,2.671875,1,6,90,91,95,95,1600000,1600000,1600000,1600000,53.0,0.216,2.061,6.364,216,20607,63637
2025-09-29T13:39:48.598347,1759153188598,90,6.21728515625,4.20849609375,2.671875,1,6,86,93,92,90,1600000,1600000,1600000,1600000,53.0,0.216,2.061,6.364,216,20607,63637
2025-09-29T13:39:49.099676,1759153189099,93,6.2802734375,4.2548828125,2.6953125,1,6,88,96,95,92,1600000,1600000,1600000,1600000,53.0,0.216,2.061,6.364,216,20607,63637
2025-09-29T13:39:49.600694,1759153189600,90,6.2802734375,4.2548828125,2.6953125,1,6,87,91,93,87,1600000,1600000,1600000,1600000,53.0,0.216,2.061,6.364,216,20607,63637
2025-09-29T13:39:50.100837,1759153190100,92,6.2802734375,4.2548828125,2.6953125,1,6,91,91,94,90,1600000,1600000,1600000,1600000,53.0,0.216,2.061,6.364,216,20607,63637
2025-09-29T13:39:50.601954,1759153190601,93,6.2802734375,4.2548828125,2.6953125,1,6,95,96,88,94,1600000,1600000,1600000,1600000,53.0,0.216,2.061,6.364,216,20607,63637
2025-09-29T13:39:51.103025,1759153191103,90,6.2802734375,4.2548828125,2.6953125,1,6,88,93,87,93,1600000,1600000,1600000,1600000,53.0,0.216,2.061,6.364,216,20607,63637
2025-09-29T13:39:51.603419,1759153191603,90,6.2802734375,4.2548828125,2.6953125,1,6,91,92,91,88,1600000,1600000,1600000,1600000,53.0,0.216,2.061,6.364,216,20607,63636
2025-09-29T13:39:52.115472,1759153192115,91,6.2802734375,4.2548828125,2.6953125,1,6,91,90,93,91,1600000,1600000,1600000,1600000,53.0,0.216,2.061,6.364,216,20607,63636
2025-09-29T13:39:52.614862,1759153192614,91,6.2802734375,4.2548828125,2.6953125,1,6,88,92,91,92,1600000,1600000,1600000,1600000,53.0,0.216,2.061,6.364,216,20607,63636
2025-09-29T13:39:53.115736,1759153193115,90,6.2802734375,4.2548828125,2.6953125,1,6,90,93,89,88,1600000,1600000,1600000,1600000,53.0,0.216,2.061,6.364,216,20607,63636
2025-09-29T13:39:53.616747,1759153193616,89,6.2802734375,4.2548828125,2.6953125,1,6,89,87,89,91,1600000,1600000,1600000,1600000,53.0,0.216,2.061,6.364,216,20607,63636
2025-09-29T13:39:54.118922,1759153194118,91,6.2578125,4.2841796875,2.71337890625,1,6,89,91,90,95,1600000,1600000,1600000,1600000,53.0,0.216,2.061,6.364,216,20607,63636
2025-09-29T13:39:54.618428,1759153194618,89,6.2578125,4.2841796875,2.71337890625,1,6,85,91,90,91,1600000,1600000,1600000,1600000,53.0,0.216,2.061,6.364,216,20607,63636
2025-09-29T13:39:55.118633,1759153195118,94,6.2578125,4.2841796875,2.71337890625,1,6,91,98,90,98,1600000,1600000,1600000,1600000,53.0,0.216,2.061,6.364,216,20607,63636
2025-09-29T13:39:55.620395,1759153195620,89,6.2578125,4.2841796875,2.71337890625,1,6,87,92,91,88,1600000,1600000,1600000,1600000,53.0,0.216,2.061,6.364,216,20607,63635
2025-09-29T13:39:56.121195,1759153196121,89,6.2578125,4.2841796875,2.71337890625,1,6,88,89,89,89,1600000,1600000,1600000,1600000,53.0,0.216,2.061,6.364,216,20607,63635
2025-09-29T13:39:56.621843,1759153196621,88,6.2578125,4.2841796875,2.71337890625,1,6,88,86,91,88,1600000,1600000,1600000,1600000,53.0,0.216,2.061,6.364,216,20607,63635
2025-09-29T13:39:57.122754,1759153197122,94,6.2578125,4.2841796875,2.71337890625,1,6,91,90,98,100,1600000,1600000,1600000,1600000,53.0,0.216,2.061,6.364,216,20607,63635
2025-09-29T13:39:57.624146,1759153197624,89,6.2578125,4.2841796875,2.71337890625,1,6,87,88,90,90,1600000,1600000,1600000,1600000,53.0,0.216,2.061,6.364,216,20607,63635
2025-09-29T13:39:58.124720,1759153198124,90,6.2578125,4.2841796875,2.71337890625,1,6,89,95,84,94,1600000,1600000,1600000,1600000,53.0,0.216,2.061,6.364,216,20607,63635
2025-09-29T13:39:58.625541,1759153198625,89,6.2578125,4.2841796875,2.71337890625,1,6,89,89,87,89,1600000,1600000,1600000,1600000,53.0,0.216,2.061,6.364,216,20607,63635
2025-09-29T13:39:59.125912,1759153199125,90,6.3173828125,4.32958984375,2.73681640625,1,6,88,93,91,88,1600000,1600000,1600000,1600000,53.0,0.216,2.061,6.364,216,20607,63635
2025-09-29T13:39:59.627337,1759153199627,91,6.3173828125,4.32958984375,2.73681640625,1,6,87,94,93,91,1600000,1600000,1600000,1600000,53.0,0.216,2.061,6.363,216,20607,63634
2025-09-29T13:40:00.128502,1759153200128,88,6.3173828125,4.32958984375,2.73681640625,1,6,87,84,88,92,1600000,1600000,1600000,1600000,53.0,0.216,2.061,6.363,216,20607,63634
2025-09-29T13:40:00.629696,1759153200629,92,6.3173828125,4.32958984375,2.73681640625,1,6,96,96,89,87,1600000,1600000,1600000,1600000,53.0,0.216,2.061,6.363,216,20607,63634
2025-09-29T13:40:01.130824,1759153201130,89,6.3173828125,4.32958984375,2.73681640625,1,6,89,84,93,91,1600000,1600000,1600000,1600000,53.0,0.216,2.061,6.363,216,20607,63634
2025-09-29T13:40:01.631915,1759153201631,88,6.3173828125,4.32958984375,2.73681640625,1,6,84,87,89,91,1600000,1600000,1600000,1600000,53.0,0.216,2.061,6.363,216,20607,63634
2025-09-29T13:40:02.132400,1759153202132,91,6.3173828125,4.32958984375,2.73681640625,1,6,92,89,93,90,1600000,1600000,1600000,1600000,53.0,0.216,2.061,6.363,216,20607,63634
2025-09-29T13:40:02.633634,1759153202633,91,6.3173828125,4.32958984375,2.73681640625,1,6,91,94,90,91,1600000,1600000,1600000,1600000,53.0,0.216,2.061,6.363,216,20607,63634
2025-09-29T13:40:03.138998,1759153203138,90,6.3173828125,4.32958984375,2.73681640625,1,6,90,92,92,86,1600000,1600000,1600000,1600000,53.0,0.216,2.061,6.363,216,20607,63634
2025-09-29T13:40:03.639731,1759153203639,89,6.3173828125,4.32958984375,2.73681640625,1,6,88,91,86,93,1600000,1600000,1600000,1600000,53.0,0.216,2.061,6.363,216,20607,63634
2025-09-29T13:40:04.140871,1759153204140,91,6.29150390625,4.357421875,2.75439453125,1,6,91,88,93,94,1600000,1600000,1600000,1600000,53.0,0.216,2.061,6.363,216,20607,63633
2025-09-29T13:40:04.641355,1759153204641,89,6.29150390625,4.357421875,2.75439453125,1,6,88,92,91,87,1600000,1600000,1600000,1600000,53.0,0.216,2.061,6.363,216,20607,63633
2025-09-29T13:40:05.143131,1759153205143,90,6.29150390625,4.357421875,2.75439453125,1,6,90,89,90,91,1600000,1600000,1600000,1600000,53.0,0.216,2.061,6.363,216,20607,63633
2025-09-29T13:40:05.644460,1759153205644,94,6.29150390625,4.357421875,2.75439453125,1,6,90,97,95,93,1600000,1600000,1600000,1600000,54.0,0.216,2.061,6.363,216,20607,63633
2025-09-29T13:40:06.145978,1759153206145,91,6.29150390625,4.357421875,2.75439453125,1,6,91,91,94,89,1600000,1600000,1600000,1600000,53.0,0.216,2.061,6.363,216,20607,63633
2025-09-29T13:40:06.646779,1759153206646,92,6.29150390625,4.357421875,2.75439453125,1,6,94,91,96,88,1600000,1600000,1600000,1600000,53.0,0.216,2.061,6.363,216,20607,63633
2025-09-29T13:40:07.147513,1759153207147,91,6.29150390625,4.357421875,2.75439453125,1,6,90,89,93,93,1600000,1600000,1600000,1600000,53.0,0.216,2.061,6.363,216,20607,63633
2025-09-29T13:40:07.649008,1759153207649,89,6.29150390625,4.357421875,2.75439453125,1,6,90,93,88,88,1600000,1600000,1600000,1600000,53.0,0.216,2.061,6.363,216,20607,63633
